statuscode;leds;comment;line;readable;;;x;y;;;previousstop;currentstop;nextstop;;;;
114602_116822;38-29;22 B-E transit;22;Bismarckplatz > Seegarten;;;38;29;;;114602;;116822;;;;
116822_119322;37-27;22 B-E transit;22;;;;37;27;;;116822;;119322;;;;
119322_679102;37-25;22 B-E transit;22;;;;37;25;;;119322;;679102;;;;
679102_679422;33-20;22 B-E transit;22;;;;33;20;;;679102;;679422;;;;
679422_427201;32-18;22 B-E transit;22;;;;32;18;;;679422;;427201;;;;
427201_427403;34-16;22 B-E transit;22;;;;34;16;;;427201;;427403;;;;
427403_427502;36-13;22 B-E transit;22;;;;36;13;;;427403;;427502;;;;
427502_125202;36-11;22 B-E transit;22;;;;36;11;;;427502;;125202;;;;
125202_125602;36-9;22 B-E transit;22;;;;36;9;;;125202;;125602;;;;
125602_126102;36-7;22 B-E transit;22;;;;36;7;;;125602;;126102;;;;
126102_69522;36-5;22 B-E transit;22;;;;36;5;;;126102;;69522;;;;
69522_69702;36-3;22 B-E transit;22;;;;36;3;;;69522;;69702;;;;
69702_69601;36-1;22 B-E transit;22;Eppelheim Rathaus > Kirchheimer Straße;;;36;1;;;69702;;69601;;;;
69601_69701;35-1;22 E-B transit;22;Kirchheimer Straße > Eppelheim Rathaus;;;35;1;;;69601;;69701;;;;
69701_69501;35-3;22 E-B transit;22;;;;35;3;;;69701;;69501;;;;
69501_126101;35-5;22 E-B transit;22;;;;35;5;;;69501;;126101;;;;
126101_125601;35-7;22 E-B transit;22;;;;35;7;;;126101;;125601;;;;
125601_125201;35-9;22 E-B transit;22;;;;35;9;;;125601;;125201;;;;
125201_427501;35-11;22 E-B transit;22;;;;35;11;;;125201;;427501;;;;
427501_427404;35-13;22 E-B transit;22;;;;35;13;;;427501;;427404;;;;
427404_427202;33-15;22 E-B transit;22;;;;33;15;;;427404;;427202;;;;
427202_679421;31-17;22 E-B transit;22;;;;31;17;;;427202;;679421;;;;
679421_679101;32-21;22 E-B transit;22;;;;32;21;;;679421;;679101;;;;
679101_119321;34-23;22 E-B transit;22;;;;34;23;;;679101;;119321;;;;
119321_116821;36-27;22 E-B transit;22;;;;36;27;;;119321;;116821;;;;
116821_114601;38-30;22 E-B transit;22;Seegarten > Bismarckplatz;;;38;30;;;116821;;114601;;;;
114602_116822_119322;37-28;22 B-E stopped;22;Seegarten;;;37;28;;;114602;116822;119322;;;;
116822_119322_679102;37-26;22 B-E stopped;22;;;;37;26;;;116822;119322;679102;;;;
119322_679102_679422;34-21;22 B-E stopped;22;;;;34;21;;;119322;679102;679422;;;;
679102_679422_427201;32-19;22 B-E stopped;22;;;;32;19;;;679102;679422;427201;;;;
679422_427201_427403;33-17;22 B-E stopped;22;;;;33;17;;;679422;427201;427403;;;;
427201_427403_427502;35-15;22 B-E stopped;22;;;;35;15;;;427201;427403;427502;;;;
427403_427502_125202;36-12;22 B-E stopped;22;;;;36;12;;;427403;427502;125202;;;;
427502_125202_125602;36-10;22 B-E stopped;22;;;;36;10;;;427502;125202;125602;;;;
125202_125602_126102;36-8;22 B-E stopped;22;;;;36;8;;;125202;125602;126102;;;;
125602_126102_69522;36-6;22 B-E stopped;22;;;;36;6;;;125602;126102;69522;;;;
126102_69522_69702;36-4;22 B-E stopped;22;;;;36;4;;;126102;69522;69702;;;;
69522_69702_69601;36-2;22 B-E stopped;22;Eppelheim Rathaus;;;36;2;;;69522;69702;69601;;;;
69601_69701_69501;35-2;22 E-B stopped;22;Eppelheim Rathaus;;;35;2;;;69601;69701;69501;;;;
69701_69501_126101;35-4;22 E-B stopped;22;;;;35;4;;;69701;69501;126101;;;;
69501_126101_125601;35-6;22 E-B stopped;22;;;;35;6;;;69501;126101;125601;;;;
126101_125601_125201;35-8;22 E-B stopped;22;;;;35;8;;;126101;125601;125201;;;;
125601_125201_427501;35-10;22 E-B stopped;22;;;;35;10;;;125601;125201;427501;;;;
125201_427501_427404;35-12;22 E-B stopped;22;;;;35;12;;;125201;427501;427404;;;;
427501_427404_427202;34-14;22 E-B stopped;22;;;;34;14;;;427501;427404;427202;;;;
427404_427202_679421;32-16;22 E-B stopped;22;;;;32;16;;;427404;427202;679421;;;;
427202_679421_679101;31-20;22 E-B stopped;22;;;;31;20;;;427202;679421;679101;;;;
679421_679101_119321;33-22;22 E-B stopped;22;;;;33;22;;;679421;679101;119321;;;;
679101_119321_116821;36-26;22 E-B stopped;22;;;;36;26;;;679101;119321;116821;;;;
119321_116821_114601;36-28;22 E-B stopped;22;Seegarten;;;36;28;;;119321;116821;114601;;;;
114602_116822_DEPOT;37-28;22 B-E stopped last;22;Seegarten;;;37;28;;;114602;116822;DEPOT;;;;
116822_119322_DEPOT;37-26;22 B-E stopped last;22;;;;37;26;;;116822;119322;DEPOT;;;;
119322_679102_DEPOT;34-21;22 B-E stopped last;22;;;;34;21;;;119322;679102;DEPOT;;;;
679102_679422_DEPOT;32-19;22 B-E stopped last;22;;;;32;19;;;679102;679422;DEPOT;;;;
679422_427201_DEPOT;33-17;22 B-E stopped last;22;;;;33;17;;;679422;427201;DEPOT;;;;
427201_427403_DEPOT;35-15;22 B-E stopped last;22;;;;35;15;;;427201;427403;DEPOT;;;;
427403_427502_DEPOT;36-12;22 B-E stopped last;22;;;;36;12;;;427403;427502;DEPOT;;;;
427502_125202_DEPOT;36-10;22 B-E stopped last;22;;;;36;10;;;427502;125202;DEPOT;;;;
125202_125602_DEPOT;36-8;22 B-E stopped last;22;;;;36;8;;;125202;125602;DEPOT;;;;
125602_126102_DEPOT;36-6;22 B-E stopped last;22;;;;36;6;;;125602;126102;DEPOT;;;;
126102_69522_DEPOT;36-4;22 B-E stopped last;22;;;;36;4;;;126102;69522;DEPOT;;;;
69522_69702_DEPOT;36-2;22 B-E stopped last;22;;;;36;2;;;69522;69702;DEPOT;;;;
69702_69601_DEPOT;36-0;22 B-E stopped last;22;Kirchheimer Straße;;;36;0;;;69702;69601;DEPOT;;;;
69601_69701_DEPOT;35-2;22 E-B stopped last;22;Eppelheim Rathaus;;;35;2;;;69601;69701;DEPOT;;;;
69701_69501_DEPOT;35-4;22 E-B stopped last;22;;;;35;4;;;69701;69501;DEPOT;;;;
69501_126101_DEPOT;35-6;22 E-B stopped last;22;;;;35;6;;;69501;126101;DEPOT;;;;
126101_125601_DEPOT;35-8;22 E-B stopped last;22;;;;35;8;;;126101;125601;DEPOT;;;;
125601_125201_DEPOT;35-10;22 E-B stopped last;22;;;;35;10;;;125601;125201;DEPOT;;;;
125201_427501_DEPOT;35-12;22 E-B stopped last;22;;;;35;12;;;125201;427501;DEPOT;;;;
427501_427404_DEPOT;34-14;22 E-B stopped last;22;;;;34;14;;;427501;427404;DEPOT;;;;
427404_427202_DEPOT;32-16;22 E-B stopped last;22;;;;32;16;;;427404;427202;DEPOT;;;;
427202_679421_DEPOT;31-20;22 E-B stopped last;22;;;;31;20;;;427202;679421;DEPOT;;;;
679421_679101_DEPOT;33-22;22 E-B stopped last;22;;;;33;22;;;679421;679101;DEPOT;;;;
679101_119321_DEPOT;36-26;22 E-B stopped last;22;;;;36;26;;;679101;119321;DEPOT;;;;
119321_116821_DEPOT;36-28;22 E-B stopped last;22;;;;36;28;;;119321;116821;DEPOT;;;;
116821_114601_DEPOT;40-30;22 E-B stopped last;22;Bismarckplatz;;;40;30;;;116821;114601;DEPOT;;;;
DEPOT_114602_116822;40-29;22 B-E stopped first;22;Bismarckplatz;;;40;29;;;DEPOT;114602;116822;;;;
DEPOT_116822_119322;37-28;22 B-E stopped first;22;;;;37;28;;;DEPOT;116822;119322;;;;
DEPOT_119322_679102;37-26;22 B-E stopped first;22;;;;37;26;;;DEPOT;119322;679102;;;;
DEPOT_679102_679422;34-21;22 B-E stopped first;22;;;;34;21;;;DEPOT;679102;679422;;;;
DEPOT_679422_427201;32-19;22 B-E stopped first;22;;;;32;19;;;DEPOT;679422;427201;;;;
DEPOT_427201_427403;33-17;22 B-E stopped first;22;;;;33;17;;;DEPOT;427201;427403;;;;
DEPOT_427403_427502;35-15;22 B-E stopped first;22;;;;35;15;;;DEPOT;427403;427502;;;;
DEPOT_427502_125202;36-12;22 B-E stopped first;22;;;;36;12;;;DEPOT;427502;125202;;;;
DEPOT_125202_125602;36-10;22 B-E stopped first;22;;;;36;10;;;DEPOT;125202;125602;;;;
DEPOT_125602_126102;36-8;22 B-E stopped first;22;;;;36;8;;;DEPOT;125602;126102;;;;
DEPOT_126102_69522;36-6;22 B-E stopped first;22;;;;36;6;;;DEPOT;126102;69522;;;;
DEPOT_69522_69702;36-4;22 B-E stopped first;22;;;;36;4;;;DEPOT;69522;69702;;;;
DEPOT_69702_69601;36-2;22 B-E stopped first;22;Eppelheim Rathaus;;;36;2;;;DEPOT;69702;69601;;;;
DEPOT_69601_69701;35-0;22 B-E stopped first;22;Kirchheimer Straße;;;35;0;;;DEPOT;69601;69701;;;;
DEPOT_69701_69501;35-2;22 B-E stopped first;22;;;;35;2;;;DEPOT;69701;69501;;;;
DEPOT_69501_126101;35-4;22 B-E stopped first;22;;;;35;4;;;DEPOT;69501;126101;;;;
DEPOT_126101_125601;35-6;22 B-E stopped first;22;;;;35;6;;;DEPOT;126101;125601;;;;
DEPOT_125601_125201;35-8;22 B-E stopped first;22;;;;35;8;;;DEPOT;125601;125201;;;;
DEPOT_125201_427501;35-10;22 B-E stopped first;22;;;;35;10;;;DEPOT;125201;427501;;;;
DEPOT_427501_427404;35-12;22 B-E stopped first;22;;;;35;12;;;DEPOT;427501;427404;;;;
DEPOT_427404_427202;34-14;22 B-E stopped first;22;;;;34;14;;;DEPOT;427404;427202;;;;
DEPOT_427202_679421;32-16;22 B-E stopped first;22;;;;32;16;;;DEPOT;427202;679421;;;;
DEPOT_679421_679101;31-20;22 B-E stopped first;22;;;;31;20;;;DEPOT;679421;679101;;;;
DEPOT_679101_119321;33-22;22 B-E stopped first;22;;;;33;22;;;DEPOT;679101;119321;;;;
DEPOT_119321_116821;36-26;22 B-E stopped first;22;;;;36;26;;;DEPOT;119321;116821;;;;
DEPOT_116821_114601;36-28;22 B-E stopped first;22;Seegarten;;;36;28;;;DEPOT;116821;114601;;;;
133302_113521;48-25;26 H-K transit;26;Heiligenbergschule > Kapellenweg;;;48;25;;;133302;;113521;;;22E B-E;
113521_122521;47-27;26 H-K transit;26;;;;47;27;;;113521;;122521;;;114424;
122521_123321;45-29;26 H-K transit;26;;;;45;29;;;122521;;123321;;;115122;
123321_126021;43-29;26 H-K transit;26;;;;43;29;;;123321;;126021;;;427402;
126021_114602;41-29;26 H-K transit;26;;;;41;29;;;126021;;114602;;;427502;
114602_119622;40-28;26 H-K transit;26;;;;40;28;;;114602;;119622;;;;
119622_118922;40-26;26 H-K transit;26;;;;40;26;;;119622;;118922;;;;
118922_119922;40-24;26 H-K transit;26;;;;40;24;;;118922;;119922;;;;
119922_114422;40-22;26 H-K transit;26;;;;40;22;;;119922;;114422;;;;
114422_115122;40-18;26 H-K transit;26;;;;40;18;;;114422;;115122;;;;
115122_427404;37-14;26 H-K transit;26;;;;37;14;;;115122;;427404;;;;
427404_427202;33-15;26 H-K transit;26;;;;33;15;;;427404;;427202;;;;
427202_114922;31-17;26 H-K transit;26;;;;31;17;;;427202;;114922;;;;
114922_679502;28-18;26 H-K transit;26;;;;28;18;;;114922;;679502;;;;
679502_121802;26-18;26 H-K transit;26;;;;26;18;;;679502;;121802;;;;
121802_120002;24-17;26 H-K transit;26;;;;24;17;;;121802;;120002;;;;
120002_121602;22-15;26 H-K transit;26;;;;22;15;;;120002;;121602;;;;
121602_121902;20-13;26 H-K transit;26;;;;20;13;;;121602;;121902;;;;
121902_120701;18-11;26 H-K transit;26;Kirchheim Rathaus > Kirchheim Friedhof;;;18;11;;;121902;;120701;;;;
120701_121901;17-12;26 K-H transit;26;Kirchheim Friedhof > Kirchheim Rathaus;;;17;12;;;120701;;121901;;;;
121901_121601;19-14;26 K-H transit;26;;;;19;14;;;121901;;121601;;;;
121601_120001;21-16;26 K-H transit;26;;;;21;16;;;121601;;120001;;;;
120001_121801;23-18;26 K-H transit;26;;;;23;18;;;120001;;121801;;;;
121801_679501;26-19;26 K-H transit;26;;;;26;19;;;121801;;679501;;;;
679501_114921;28-19;26 K-H transit;26;;;;28;19;;;679501;;114921;;;;
114921_427201;32-18;26 K-H transit;26;;;;32;18;;;114921;;427201;;;;
427201_427403;34-16;26 K-H transit;26;;;;34;16;;;427201;;427403;;;;
427403_115121;36-15;26 K-H transit;26;;;;36;15;;;427403;;115121;;;;
115121_114421;39-18;26 K-H transit;26;;;;39;18;;;115121;;114421;;;;
114421_119921;39-22;26 K-H transit;26;;;;39;22;;;114421;;119921;;;;
119921_118921;39-24;26 K-H transit;26;;;;39;24;;;119921;;118921;;;;
118921_119621;39-26;26 K-H transit;26;;;;39;26;;;118921;;119621;;;;
119621_114601;39-28;26 K-H transit;26;;;;39;28;;;119621;;114601;;;;
114601_126022;41-30;26 K-H transit;26;;;;41;30;;;114601;;126022;;;;
126022_123322;43-30;26 K-H transit;26;;;;43;30;;;126022;;123322;;;;
123322_122522;46-30;26 K-H transit;26;;;;46;30;;;123322;;122522;;;;
122522_113522;48-28;26 K-H transit;26;;;;48;28;;;122522;;113522;;;;
113522_133301;49-25;26 K-H transit;26;Kapellenweg > Heiligenbergschule;;;49;25;;;113522;;133301;;;;
133302_113521_122521;48-26;26 H-K stopped;26;Kapellenweg   ;;;48;26;;;133302;113521;122521;;;;
113521_122521_123321;46-28;26 H-K stopped;26;;;;46;28;;;113521;122521;123321;;;;
122521_123321_126021;44-29;26 H-K stopped;26;;;;44;29;;;122521;123321;126021;;;;
123321_126021_114602;42-29;26 H-K stopped;26;;;;42;29;;;123321;126021;114602;;;;
126021_114602_119622;40-29;26 H-K stopped;26;;;;40;29;;;126021;114602;119622;;;;
114602_119622_118922;40-27;26 H-K stopped;26;;;;40;27;;;114602;119622;118922;;;;
119622_118922_119922;40-25;26 H-K stopped;26;;;;40;25;;;119622;118922;119922;;;;
118922_119922_114422;40-23;26 H-K stopped;26;;;;40;23;;;118922;119922;114422;;;;
119922_114422_115122;40-20;26 H-K stopped;26;;;;40;20;;;119922;114422;115122;;;;
114422_115122_427404;39-16;26 H-K stopped;26;;;;39;16;;;114422;115122;427404;;;;
115122_427404_427202;34-14;26 H-K stopped;26;;;;34;14;;;115122;427404;427202;;;;
427404_427202_114922;32-16;26 H-K stopped;26;;;;32;16;;;427404;427202;114922;;;;
427202_114922_679502;29-18;26 H-K stopped;26;;;;29;18;;;427202;114922;679502;;;;
114922_679502_121802;27-18;26 H-K stopped;26;;;;27;18;;;114922;679502;121802;;;;
679502_121802_120002;25-18;26 H-K stopped;26;;;;25;18;;;679502;121802;120002;;;;
121802_120002_121602;23-16;26 H-K stopped;26;;;;23;16;;;121802;120002;121602;;;;
120002_121602_121902;21-14;26 H-K stopped;26;;;;21;14;;;120002;121602;121902;;;;
121602_121902_120701;19-12;26 H-K stopped;26;Kirchheim Rathaus  ;;;19;12;;;121602;121902;120701;;;;
120701_121901_121601;18-13;26 K-H stopped;26;Kirchheim Rathaus  ;;;18;13;;;120701;121901;121601;;;;
121901_121601_120001;20-15;26 K-H stopped;26;;;;20;15;;;121901;121601;120001;;;;
121601_120001_121801;22-17;26 K-H stopped;26;;;;22;17;;;121601;120001;121801;;;;
120001_121801_679501;25-19;26 K-H stopped;26;;;;25;19;;;120001;121801;679501;;;;
121801_679501_114921;27-19;26 K-H stopped;26;;;;27;19;;;121801;679501;114921;;;;
679501_114921_427201;29-19;26 K-H stopped;26;;;;29;19;;;679501;114921;427201;;;;
114921_427201_427403;33-17;26 K-H stopped;26;;;;33;17;;;114921;427201;427403;;;;
427201_427403_115121;35-15;26 K-H stopped;26;;;;35;15;;;427201;427403;115121;;;;
427403_115121_114421;38-17;26 K-H stopped;26;;;;38;17;;;427403;115121;114421;;;;
115121_114421_119921;39-20;26 K-H stopped;26;;;;39;20;;;115121;114421;119921;;;;
114421_119921_118921;39-23;26 K-H stopped;26;;;;39;23;;;114421;119921;118921;;;;
119921_118921_119621;39-25;26 K-H stopped;26;;;;39;25;;;119921;118921;119621;;;;
118921_119621_114601;39-27;26 K-H stopped;26;;;;39;27;;;118921;119621;114601;;;;
119621_114601_126022;40-30;26 K-H stopped;26;;;;40;30;;;119621;114601;126022;;;;
114601_126022_123322;42-30;26 K-H stopped;26;;;;42;30;;;114601;126022;123322;;;;
126022_123322_122522;44-30;26 K-H stopped;26;;;;44;30;;;126022;123322;122522;;;;
123322_122522_113522;47-29;26 K-H stopped;26;;;;47;29;;;123322;122522;113522;;;;
122522_113522_133301;49-27;26 K-H stopped;26;Kapellenweg   ;;;49;27;;;122522;113522;133301;;;;
133302_113521_DEPOT;48-26;26 H-K stopped last;26;Kapellenweg   ;;;48;26;;;133302;113521;DEPOT;;;;
113521_122521_DEPOT;46-28;26 H-K stopped last;26;;;;46;28;;;113521;122521;DEPOT;;;;
122521_123321_DEPOT;44-29;26 H-K stopped last;26;;;;44;29;;;122521;123321;DEPOT;;;;
123321_126021_DEPOT;42-29;26 H-K stopped last;26;;;;42;29;;;123321;126021;DEPOT;;;;
126021_114602_DEPOT;40-29;26 H-K stopped last;26;;;;40;29;;;126021;114602;DEPOT;;;;
114602_119622_DEPOT;40-27;26 H-K stopped last;26;;;;40;27;;;114602;119622;DEPOT;;;;
119622_118922_DEPOT;40-25;26 H-K stopped last;26;;;;40;25;;;119622;118922;DEPOT;;;;
118922_119922_DEPOT;40-23;26 H-K stopped last;26;;;;40;23;;;118922;119922;DEPOT;;;;
119922_114422_DEPOT;40-20;26 H-K stopped last;26;;;;40;20;;;119922;114422;DEPOT;;;;
114422_115122_DEPOT;39-16;26 H-K stopped last;26;;;;39;16;;;114422;115122;DEPOT;;;;
115122_427404_DEPOT;34-14;26 H-K stopped last;26;;;;34;14;;;115122;427404;DEPOT;;;;
427404_427202_DEPOT;32-16;26 H-K stopped last;26;;;;32;16;;;427404;427202;DEPOT;;;;
427202_114922_DEPOT;29-18;26 H-K stopped last;26;;;;29;18;;;427202;114922;DEPOT;;;;
114922_679502_DEPOT;27-18;26 H-K stopped last;26;;;;27;18;;;114922;679502;DEPOT;;;;
679502_121802_DEPOT;25-18;26 H-K stopped last;26;;;;25;18;;;679502;121802;DEPOT;;;;
121802_120002_DEPOT;23-16;26 H-K stopped last;26;;;;23;16;;;121802;120002;DEPOT;;;;
120002_121602_DEPOT;21-14;26 H-K stopped last;26;;;;21;14;;;120002;121602;DEPOT;;;;
121602_121902_DEPOT;19-12;26 H-K stopped last;26;;;;19;12;;;121602;121902;DEPOT;;;;
121902_120701_DEPOT;17-10;26 H-K stopped last;26;Kirchheim Friedhof ;;;17;10;;;121902;120701;DEPOT;;;;
120701_121901_DEPOT;18-13;26 K-H stopped last;26;Kirchheim Rathaus;;;18;13;;;120701;121901;DEPOT;;;;
121901_121601_DEPOT;20-15;26 K-H stopped last;26;;;;20;15;;;121901;121601;DEPOT;;;;
121601_120001_DEPOT;22-17;26 K-H stopped last;26;;;;22;17;;;121601;120001;DEPOT;;;;
120001_121801_DEPOT;25-19;26 K-H stopped last;26;;;;25;19;;;120001;121801;DEPOT;;;;
121801_679501_DEPOT;27-19;26 K-H stopped last;26;;;;27;19;;;121801;679501;DEPOT;;;;
679501_114921_DEPOT;29-19;26 K-H stopped last;26;;;;29;19;;;679501;114921;DEPOT;;;;
114921_427201_DEPOT;33-17;26 K-H stopped last;26;;;;33;17;;;114921;427201;DEPOT;;;;
427201_427403_DEPOT;35-15;26 K-H stopped last;26;;;;35;15;;;427201;427403;DEPOT;;;;
427403_115121_DEPOT;38-17;26 K-H stopped last;26;;;;38;17;;;427403;115121;DEPOT;;;;
115121_114421_DEPOT;39-20;26 K-H stopped last;26;;;;39;20;;;115121;114421;DEPOT;;;;
114421_119921_DEPOT;39-23;26 K-H stopped last;26;;;;39;23;;;114421;119921;DEPOT;;;;
119921_118921_DEPOT;39-25;26 K-H stopped last;26;;;;39;25;;;119921;118921;DEPOT;;;;
118921_119621_DEPOT;39-27;26 K-H stopped last;26;;;;39;27;;;118921;119621;DEPOT;;;;
119621_114601_DEPOT;40-30;26 K-H stopped last;26;;;;40;30;;;119621;114601;DEPOT;;;;
114601_126022_DEPOT;42-30;26 K-H stopped last;26;;;;42;30;;;114601;126022;DEPOT;;;;
126022_123322_DEPOT;44-30;26 K-H stopped last;26;;;;44;30;;;126022;123322;DEPOT;;;;
123322_122522_DEPOT;47-29;26 K-H stopped last;26;;;;47;29;;;123322;122522;DEPOT;;;;
122522_113522_DEPOT;49-27;26 K-H stopped last;26;;;;49;27;;;122522;113522;DEPOT;;;;
113522_133301_DEPOT;49-23;26 K-H stopped last;26;Heiligenbergschule  ;;;49;23;;;113522;133301;DEPOT;;;;
DEPOT_133302_113521;48-24;25 H-K stopped first;26;Heiligenbergschule;;;48;24;;;DEPOT;133302;113521;;;;
DEPOT_113521_122521;48-26;25 H-K stopped first;26;;;;48;26;;;DEPOT;113521;122521;;;;
DEPOT_122521_123321;46-28;26 H-K stopped first;26;;;;46;28;;;DEPOT;122521;123321;;;;
DEPOT_123321_126021;44-29;26 H-K stopped first;26;;;;44;29;;;DEPOT;123321;126021;;;;
DEPOT_126021_114602;42-29;26 H-K stopped first;26;;;;42;29;;;DEPOT;126021;114602;;;;
DEPOT_114602_119622;40-29;26 H-K stopped first;26;;;;40;29;;;DEPOT;114602;119622;;;;
DEPOT_119622_118922;40-27;26 H-K stopped first;26;;;;40;27;;;DEPOT;119622;118922;;;;
DEPOT_118922_119922;40-25;26 H-K stopped first;26;;;;40;25;;;DEPOT;118922;119922;;;;
DEPOT_119922_114422;40-23;26 H-K stopped first;26;;;;40;23;;;DEPOT;119922;114422;;;;
DEPOT_114422_115122;40-20;26 H-K stopped first;26;;;;40;20;;;DEPOT;114422;115122;;;;
DEPOT_115122_427404;39-16;26 H-K stopped first;26;;;;39;16;;;DEPOT;115122;427404;;;;
DEPOT_427404_427202;34-14;26 H-K stopped first;26;;;;34;14;;;DEPOT;427404;427202;;;;
DEPOT_427202_114922;32-16;26 H-K stopped first;26;;;;32;16;;;DEPOT;427202;114922;;;;
DEPOT_114922_679502;29-18;26 H-K stopped first;26;;;;29;18;;;DEPOT;114922;679502;;;;
DEPOT_679502_121802;27-18;26 H-K stopped first;26;;;;27;18;;;DEPOT;679502;121802;;;;
DEPOT_121802_120002;25-18;26 H-K stopped first;26;;;;25;18;;;DEPOT;121802;120002;;;;
DEPOT_120002_121602;23-16;26 H-K stopped first;26;;;;23;16;;;DEPOT;120002;121602;;;;
DEPOT_121602_121902;21-14;26 H-K stopped first;26;;;;21;14;;;DEPOT;121602;121902;;;;
DEPOT_121902_120701;19-12;26 H-K stopped first;26;Kirchheim Rathaus;;;19;12;;;DEPOT;121902;120701;;;;
DEPOT_120701_121901;16-11;26 K-H stopped first;26;Kirchheim Friedhof;;;16;11;;;DEPOT;120701;121901;;;;
DEPOT_121901_121601;18-13;26 K-H stopped first;26;;;;18;13;;;DEPOT;121901;121601;;;;
DEPOT_121601_120001;20-15;26 K-H stopped first;26;;;;20;15;;;DEPOT;121601;120001;;;;
DEPOT_120001_121801;22-17;26 K-H stopped first;26;;;;22;17;;;DEPOT;120001;121801;;;;
DEPOT_121801_679501;25-19;26 K-H stopped first;26;;;;25;19;;;DEPOT;121801;679501;;;;
DEPOT_679501_114921;27-19;26 K-H stopped first;26;;;;27;19;;;DEPOT;679501;114921;;;;
DEPOT_114921_427201;29-19;26 K-H stopped first;26;;;;29;19;;;DEPOT;114921;427201;;;;
DEPOT_427201_427403;33-17;26 K-H stopped first;26;;;;33;17;;;DEPOT;427201;427403;;;;
DEPOT_427403_115121;35-15;26 K-H stopped first;26;;;;35;15;;;DEPOT;427403;115121;;;;
DEPOT_115121_114421;38-17;26 K-H stopped first;26;;;;38;17;;;DEPOT;115121;114421;;;;
DEPOT_114421_119921;39-20;26 K-H stopped first;26;;;;39;20;;;DEPOT;114421;119921;;;;
DEPOT_119921_118921;39-23;26 K-H stopped first;26;;;;39;23;;;DEPOT;119921;118921;;;;
DEPOT_118921_119621;39-25;26 K-H stopped first;26;;;;39;25;;;DEPOT;118921;119621;;;;
DEPOT_119621_114601;39-27;26 K-H stopped first;26;;;;39;27;;;DEPOT;119621;114601;;;;
DEPOT_114601_126022;40-30;26 K-H stopped first;26;;;;40;30;;;DEPOT;114601;126022;;;;
DEPOT_126022_123322;42-30;26 K-H stopped first;26;;;;42;30;;;DEPOT;126022;123322;;;;
DEPOT_123322_122522;44-30;26 K-H stopped first;26;;;;44;30;;;DEPOT;123322;122522;;;;
DEPOT_122522_113522;47-29;26 K-H stopped first;26;;;;47;29;;;DEPOT;122522;113522;;;;
DEPOT_113522_133301;49-27;26 K-H stopped first;26;Kapellenweg;;;49;27;;;DEPOT;113522;133301;;;;
114602_116822;38-29;23 B-L transit;23;Bismarckplatz > Seegarten;;;38;29;;;114602;;116822;;;114602;187901
116822_119322;37-27;23 B-L transit;23;;;;37;27;;;116822;;119322;;;116822;188401
119322_118722;37-25;23 B-L transit;23;;;;37;25;;;119322;;118722;;;119322;188901
118722_115022;33-24;23 B-L transit;23;;;;33;24;;;118722;;115022;;;118722;188601
115022_145722;31-24;23 B-L transit;23;;;;31;24;;;115022;;145722;;;115022;188201
145722_114122;29-24;23 B-L transit;23;;;;29;24;;;145722;;114122;;;145722;189001
114122_114322;27-24;23 B-L transit;23;;;;27;24;;;114122;;114322;;;114122;127801
114322_118522;25-24;23 B-L transit;23;;;;25;24;;;114322;;118522;;;114322;126721
118522_127322;23-24;23 B-L transit;23;;;;23;24;;;118522;;127322;;;118522;127401
127322_126322;21-24;23 B-L transit;23;;;;21;24;;;127322;;126322;;;127322;127621
126322_127622;19-24;23 B-L transit;23;;;;19;24;;;126322;;127622;;;126322;126321
127622_127402;17-24;23 B-L transit;23;;;;17;24;;;127622;;127402;;;127622;127321
127402_126722;15-24;23 B-L transit;23;;;;15;24;;;127402;;126722;;;127402;118521
126722_127802;13-24;23 B-L transit;23;;;;13;24;;;126722;;127802;;;126722;114321
127802_189002;11-24;23 B-L transit;23;;;;11;24;;;127802;;189002;;;127802;114121
189002_188202;9-24;23 B-L transit;23;;;;9;24;;;189002;;188202;;;189002;145721
188202_188602;7-24;23 B-L transit;23;;;;7;24;;;188202;;188602;;;188202;115021
188602_188902;5-24;23 B-L transit;23;;;;5;24;;;188602;;188902;;;188602;118721
188902_188402;3-24;23 B-L transit;23;;;;3;24;;;188902;;188402;;;188902;119321
188402_187901;1-24;23 B-L transit;23;Moltkestraße > Leimen Friedhof;;;1;24;;;188402;;187901;;;188402;116821
187901_188401;1-25;23 L-B transit;23;Leimen Friedhof > Moltkestraße;;;1;25;;;187901;;188401;;;;
188401_188901;3-25;23 L-B transit;23;;;;3;25;;;188401;;188901;;;;
188901_188601;5-25;23 L-B transit;23;;;;5;25;;;188901;;188601;;;;
188601_188201;7-25;23 L-B transit;23;;;;7;25;;;188601;;188201;;;;
188201_189001;9-25;23 L-B transit;23;;;;9;25;;;188201;;189001;;;;
189001_127801;11-25;23 L-B transit;23;;;;11;25;;;189001;;127801;;;;
127801_126721;13-25;23 L-B transit;23;;;;13;25;;;127801;;126721;;;;
126721_127401;15-25;23 L-B transit;23;;;;15;25;;;126721;;127401;;;;
127401_127621;17-25;23 L-B transit;23;;;;17;25;;;127401;;127621;;;;
127621_126321;19-25;23 L-B transit;23;;;;19;25;;;127621;;126321;;;;
126321_127321;21-25;23 L-B transit;23;;;;21;25;;;126321;;127321;;;;
127321_118521;23-25;23 L-B transit;23;;;;23;25;;;127321;;118521;;;;
118521_114321;25-25;23 L-B transit;23;;;;25;25;;;118521;;114321;;;;
114321_114121;27-25;23 L-B transit;23;;;;27;25;;;114321;;114121;;;;
114121_145721;29-25;23 L-B transit;23;;;;29;25;;;114121;;145721;;;;
145721_115021;31-25;23 L-B transit;23;;;;31;25;;;145721;;115021;;;;
115021_118721;33-25;23 L-B transit;23;;;;33;25;;;115021;;118721;;;;
118721_119321;35-25;23 L-B transit;23;;;;35;25;;;118721;;119321;;;;
119321_116821;36-27;23 L-B transit;23;;;;36;27;;;119321;;116821;;;;
116821_114601;38-30;23 L-B transit;23;Seegarten > Bismarckplatz;;;38;30;;;116821;;114601;;;;
114602_116822_119322;37-28;23 B-L stopped;23;Seegarten;;;37;28;;;114602;116822;119322;;;;
116822_119322_118722;37-26;23 B-L stopped;23;;;;37;26;;;116822;119322;118722;;;;
119322_118722_115022;34-24;23 B-L stopped;23;;;;34;24;;;119322;118722;115022;;;;
118722_115022_145722;32-24;23 B-L stopped;23;;;;32;24;;;118722;115022;145722;;;;
115022_145722_114122;30-24;23 B-L stopped;23;;;;30;24;;;115022;145722;114122;;;;
145722_114122_114322;28-24;23 B-L stopped;23;;;;28;24;;;145722;114122;114322;;;;
114122_114322_118522;26-24;23 B-L stopped;23;;;;26;24;;;114122;114322;118522;;;;
114322_118522_127322;24-24;23 B-L stopped;23;;;;24;24;;;114322;118522;127322;;;;
118522_127322_126322;22-24;23 B-L stopped;23;;;;22;24;;;118522;127322;126322;;;;
127322_126322_127622;20-24;23 B-L stopped;23;;;;20;24;;;127322;126322;127622;;;;
126322_127622_127402;18-24;23 B-L stopped;23;;;;18;24;;;126322;127622;127402;;;;
127622_127402_126722;16-24;23 B-L stopped;23;;;;16;24;;;127622;127402;126722;;;;
127402_126722_127802;14-24;23 B-L stopped;23;;;;14;24;;;127402;126722;127802;;;;
126722_127802_189002;12-24;23 B-L stopped;23;;;;12;24;;;126722;127802;189002;;;;
127802_189002_188202;10-24;23 B-L stopped;23;;;;10;24;;;127802;189002;188202;;;;
189002_188202_188602;8-24;23 B-L stopped;23;;;;8;24;;;189002;188202;188602;;;;
188202_188602_188902;6-24;23 B-L stopped;23;;;;6;24;;;188202;188602;188902;;;;
188602_188902_188402;4-24;23 B-L stopped;23;;;;4;24;;;188602;188902;188402;;;;
188902_188402_187901;2-24;23 B-L stopped;23;Moltkestraße  ;;;2;24;;;188902;188402;187901;;;;
187901_188401_188901;2-25;23 L-B stopped;23;Moltkestraße  ;;;2;25;;;187901;188401;188901;;;;
188401_188901_188601;4-25;23 L-B stopped;23;;;;4;25;;;188401;188901;188601;;;;
188901_188601_188201;6-25;23 L-B stopped;23;;;;6;25;;;188901;188601;188201;;;;
188601_188201_189001;8-25;23 L-B stopped;23;;;;8;25;;;188601;188201;189001;;;;
188201_189001_127801;10-25;23 L-B stopped;23;;;;10;25;;;188201;189001;127801;;;;
189001_127801_126721;12-25;23 L-B stopped;23;;;;12;25;;;189001;127801;126721;;;;
127801_126721_127401;14-25;23 L-B stopped;23;;;;14;25;;;127801;126721;127401;;;;
126721_127401_127621;16-25;23 L-B stopped;23;;;;16;25;;;126721;127401;127621;;;;
127401_127621_126321;18-25;23 L-B stopped;23;;;;18;25;;;127401;127621;126321;;;;
127621_126321_127321;20-25;23 L-B stopped;23;;;;20;25;;;127621;126321;127321;;;;
126321_127321_118521;22-25;23 L-B stopped;23;;;;22;25;;;126321;127321;118521;;;;
127321_118521_114321;24-25;23 L-B stopped;23;;;;24;25;;;127321;118521;114321;;;;
118521_114321_114121;26-25;23 L-B stopped;23;;;;26;25;;;118521;114321;114121;;;;
114321_114121_145721;28-25;23 L-B stopped;23;;;;28;25;;;114321;114121;145721;;;;
114121_145721_115021;30-25;23 L-B stopped;23;;;;30;25;;;114121;145721;115021;;;;
145721_115021_118721;32-25;23 L-B stopped;23;;;;32;25;;;145721;115021;118721;;;;
115021_118721_119321;34-25;23 L-B stopped;23;;;;34;25;;;115021;118721;119321;;;;
118721_119321_116821;36-26;23 L-B stopped;23;;;;36;26;;;118721;119321;116821;;;;
119321_116821_114601;36-28;23 L-B stopped;23;Seegarten;;;36;28;;;119321;116821;114601;;;;
114602_116822_DEPOT;37-28;23 B-L stopped last;23;Seegarten;;;37;28;;;114602;116822;DEPOT;;;;
116822_119322_DEPOT;37-26;23 B-L stopped last;23;;;;37;26;;;116822;119322;DEPOT;;;;
119322_118722_DEPOT;34-24;23 B-L stopped last;23;;;;34;24;;;119322;118722;DEPOT;;;;
118722_115022_DEPOT;32-24;23 B-L stopped last;23;;;;32;24;;;118722;115022;DEPOT;;;;
115022_145722_DEPOT;30-24;23 B-L stopped last;23;;;;30;24;;;115022;145722;DEPOT;;;;
145722_114122_DEPOT;28-24;23 B-L stopped last;23;;;;28;24;;;145722;114122;DEPOT;;;;
114122_114322_DEPOT;26-24;23 B-L stopped last;23;;;;26;24;;;114122;114322;DEPOT;;;;
114322_118522_DEPOT;24-24;23 B-L stopped last;23;;;;24;24;;;114322;118522;DEPOT;;;;
118522_127322_DEPOT;22-24;23 B-L stopped last;23;;;;22;24;;;118522;127322;DEPOT;;;;
127322_126322_DEPOT;20-24;23 B-L stopped last;23;;;;20;24;;;127322;126322;DEPOT;;;;
126322_127622_DEPOT;18-24;23 B-L stopped last;23;;;;18;24;;;126322;127622;DEPOT;;;;
127622_127402_DEPOT;16-24;23 B-L stopped last;23;;;;16;24;;;127622;127402;DEPOT;;;;
127402_126722_DEPOT;14-24;23 B-L stopped last;23;;;;14;24;;;127402;126722;DEPOT;;;;
126722_127802_DEPOT;12-24;23 B-L stopped last;23;;;;12;24;;;126722;127802;DEPOT;;;;
127802_189002_DEPOT;10-24;23 B-L stopped last;23;;;;10;24;;;127802;189002;DEPOT;;;;
189002_188202_DEPOT;8-24;23 B-L stopped last;23;;;;8;24;;;189002;188202;DEPOT;;;;
188202_188602_DEPOT;6-24;23 B-L stopped last;23;;;;6;24;;;188202;188602;DEPOT;;;;
188602_188902_DEPOT;4-24;23 B-L stopped last;23;;;;4;24;;;188602;188902;DEPOT;;;;
188902_188402_DEPOT;2-24;23 B-L stopped last;23;;;;2;24;;;188902;188402;DEPOT;;;;
188402_187901_DEPOT;0-24;23 B-L stopped last;23;Leimen Friedhof  ;;;0;24;;;188402;187901;DEPOT;;;;
187901_188401_DEPOT;2-25;23 L-B stopped last;23;Moltkestraße;;;2;25;;;187901;188401;DEPOT;;;;
188401_188901_DEPOT;4-25;23 L-B stopped last;23;;;;4;25;;;188401;188901;DEPOT;;;;
188901_188601_DEPOT;6-25;23 L-B stopped last;23;;;;6;25;;;188901;188601;DEPOT;;;;
188601_188201_DEPOT;8-25;23 L-B stopped last;23;;;;8;25;;;188601;188201;DEPOT;;;;
188201_189001_DEPOT;10-25;23 L-B stopped last;23;;;;10;25;;;188201;189001;DEPOT;;;;
189001_127801_DEPOT;12-25;23 L-B stopped last;23;;;;12;25;;;189001;127801;DEPOT;;;;
127801_126721_DEPOT;14-25;23 L-B stopped last;23;;;;14;25;;;127801;126721;DEPOT;;;;
126721_127401_DEPOT;16-25;23 L-B stopped last;23;;;;16;25;;;126721;127401;DEPOT;;;;
127401_127621_DEPOT;18-25;23 L-B stopped last;23;;;;18;25;;;127401;127621;DEPOT;;;;
127621_126321_DEPOT;20-25;23 L-B stopped last;23;;;;20;25;;;127621;126321;DEPOT;;;;
126321_127321_DEPOT;22-25;23 L-B stopped last;23;;;;22;25;;;126321;127321;DEPOT;;;;
127321_118521_DEPOT;24-25;23 L-B stopped last;23;;;;24;25;;;127321;118521;DEPOT;;;;
118521_114321_DEPOT;26-25;23 L-B stopped last;23;;;;26;25;;;118521;114321;DEPOT;;;;
114321_114121_DEPOT;28-25;23 L-B stopped last;23;;;;28;25;;;114321;114121;DEPOT;;;;
114121_145721_DEPOT;30-25;23 L-B stopped last;23;;;;30;25;;;114121;145721;DEPOT;;;;
145721_115021_DEPOT;32-25;23 L-B stopped last;23;;;;32;25;;;145721;115021;DEPOT;;;;
115021_118721_DEPOT;34-25;23 L-B stopped last;23;;;;34;25;;;115021;118721;DEPOT;;;;
118721_119321_DEPOT;36-26;23 L-B stopped last;23;;;;36;26;;;118721;119321;DEPOT;;;;
119321_116821_DEPOT;36-28;23 L-B stopped last;23;;;;36;28;;;119321;116821;DEPOT;;;;
116821_114601_DEPOT;40-30;23 L-B stopped last;23;Bismarckplatz;;;40;30;;;116821;114601;DEPOT;;;;
DEPOT_114602_116822;40-29;23 B-L stopped first;23;Bismarckplatz;;;40;29;;;DEPOT;114602;116822;;;;
DEPOT_116822_119322;37-28;23 B-L stopped first;23;;;;37;28;;;DEPOT;116822;119322;;;;
DEPOT_119322_118722;37-26;23 B-L stopped first;23;;;;37;26;;;DEPOT;119322;118722;;;;
DEPOT_118722_115022;34-24;23 B-L stopped first;23;;;;34;24;;;DEPOT;118722;115022;;;;
DEPOT_115022_145722;32-24;23 B-L stopped first;23;;;;32;24;;;DEPOT;115022;145722;;;;
DEPOT_145722_114122;30-24;23 B-L stopped first;23;;;;30;24;;;DEPOT;145722;114122;;;;
DEPOT_114122_114322;28-24;23 B-L stopped first;23;;;;28;24;;;DEPOT;114122;114322;;;;
DEPOT_114322_118522;26-24;23 B-L stopped first;23;;;;26;24;;;DEPOT;114322;118522;;;;
DEPOT_118522_127322;24-24;23 B-L stopped first;23;;;;24;24;;;DEPOT;118522;127322;;;;
DEPOT_127322_126322;22-24;23 B-L stopped first;23;;;;22;24;;;DEPOT;127322;126322;;;;
DEPOT_126322_127622;20-24;23 B-L stopped first;23;;;;20;24;;;DEPOT;126322;127622;;;;
DEPOT_127622_127402;18-24;23 B-L stopped first;23;;;;18;24;;;DEPOT;127622;127402;;;;
DEPOT_127402_126722;16-24;23 B-L stopped first;23;;;;16;24;;;DEPOT;127402;126722;;;;
DEPOT_126722_127802;14-24;23 B-L stopped first;23;;;;14;24;;;DEPOT;126722;127802;;;;
DEPOT_127802_189002;12-24;23 B-L stopped first;23;;;;12;24;;;DEPOT;127802;189002;;;;
DEPOT_189002_188202;10-24;23 B-L stopped first;23;;;;10;24;;;DEPOT;189002;188202;;;;
DEPOT_188202_188602;8-24;23 B-L stopped first;23;;;;8;24;;;DEPOT;188202;188602;;;;
DEPOT_188602_188902;6-24;23 B-L stopped first;23;;;;6;24;;;DEPOT;188602;188902;;;;
DEPOT_188902_188402;4-24;23 B-L stopped first;23;;;;4;24;;;DEPOT;188902;188402;;;;
DEPOT_188402_187901;2-24;23 B-L stopped first;23;Moltkestraße;;;2;24;;;DEPOT;188402;187901;;;;
DEPOT_187901_188401;0-25;23 L-B stopped first;23;Leimen Friedhof;;;0;25;;;DEPOT;187901;188401;;;;
DEPOT_188401_188901;2-25;23 L-B stopped first;23;;;;2;25;;;DEPOT;188401;188901;;;;
DEPOT_188901_188601;4-25;23 L-B stopped first;23;;;;4;25;;;DEPOT;188901;188601;;;;
DEPOT_188601_188201;6-25;23 L-B stopped first;23;;;;6;25;;;DEPOT;188601;188201;;;;
DEPOT_188201_189001;8-25;23 L-B stopped first;23;;;;8;25;;;DEPOT;188201;189001;;;;
DEPOT_189001_127801;10-25;23 L-B stopped first;23;;;;10;25;;;DEPOT;189001;127801;;;;
DEPOT_127801_126721;12-25;23 L-B stopped first;23;;;;12;25;;;DEPOT;127801;126721;;;;
DEPOT_126721_127401;14-25;23 L-B stopped first;23;;;;14;25;;;DEPOT;126721;127401;;;;
DEPOT_127401_127621;16-25;23 L-B stopped first;23;;;;16;25;;;DEPOT;127401;127621;;;;
DEPOT_127621_126321;18-25;23 L-B stopped first;23;;;;18;25;;;DEPOT;127621;126321;;;;
DEPOT_126321_127321;20-25;23 L-B stopped first;23;;;;20;25;;;DEPOT;126321;127321;;;;
DEPOT_127321_118521;22-25;23 L-B stopped first;23;;;;22;25;;;DEPOT;127321;118521;;;23E B-L;23E B-L
DEPOT_118521_114321;24-25;23 L-B stopped first;23;;;;24;25;;;DEPOT;118521;114321;;;114423;23E B-L stopped
DEPOT_114321_114121;26-25;23 L-B stopped first;23;;;;26;25;;;DEPOT;114321;114121;;;116023;23E B-L stopped last
DEPOT_114121_145721;28-25;23 L-B stopped first;23;;;;28;25;;;DEPOT;114121;145721;;;119421;23E B-L stopped first
DEPOT_145721_115021;30-25;23 L-B stopped first;23;;;;30;25;;;DEPOT;145721;115021;;;118722;
DEPOT_115021_118721;32-25;23 L-B stopped first;23;;;;32;25;;;DEPOT;115021;118721;;;;
DEPOT_118721_119321;34-25;23 L-B stopped first;23;;;;34;25;;;DEPOT;118721;119321;;;;
DEPOT_119321_116821;36-26;23 L-B stopped first;23;;;;36;26;;;DEPOT;119321;116821;;;;
DEPOT_116821_114601;36-28;23 L-B stopped first;23;Seegarten;;;36;28;;;DEPOT;116821;114601;;;;
114423_116023;38-19;23E B-L transit;23;Betriebshof > Hbf;;;38;19;;;114423;;116023;;;;
116023_119421;36-21;23E B-L transit;23;;;;36;21;;;116023;;119421;;;;
119421_118722;36-23;23E B-L transit;23;Stadtwerke > Römerkreis Süd;;;36;23;;;119421;;118722;;;;
114423_116023_119421;36-20;23E B-L stopped;23;Hbf;;;36;20;;;114423;116023;119421;;;;
116023_119421_118722;36-22;23E B-L stopped;23;Stadtwerke ;;;36;22;;;116023;119421;118722;;;;
114423_116023_DEPOT;36-20;23E B-L stopped last;23;Hbf;;;36;20;;;114423;116023;DEPOT;;;;
116023_119421_DEPOT;36-22;23E B-L stopped last;23;;;;36;22;;;116023;119421;DEPOT;;;;
119421_118722_DEPOT;34-24;23E B-L stopped last;23;Römerkreis Süd;;;34;24;;;119421;118722;DEPOT;;;;
DEPOT_114423_116023;40-20;23E B-L stopped first;23;Betriebshof ;;;40;20;;;DEPOT;114423;116023;;;;
DEPOT_116023_119421;36-20;23E B-L stopped first;23;;;;36;20;;;DEPOT;116023;119421;;;;
DEPOT_119421_118722;36-22;23E B-L stopped first;23;Stadtwerke;;;36;22;;;DEPOT;119421;118722;;;;
574201_51501;61-24;5 D-E transit;5;Dossenheim Nord > Dossenheim Bf;;;61;24;;;574201;;51501;;;51601;130201
51501_51601;59-24;5 D-E transit;5;;;;59;24;;;51501;;51601;;;113301;169301
51601_113301;57-24;5 D-E transit;5;;;;57;24;;;51601;;113301;;;113601;118001
113301_113601;55-24;5 D-E transit;5;Burgstraße > Hans Thoma;;;55;24;;;113301;;113601;;;113521;133101
113601_113521;51-24;5 D-E transit;5;;;;51;24;;;113601;;113521;;;122521;133001
113521_122521;47-27;5 D-E transit;5;;;;47;27;;;113521;;122521;;;123321;116021
122521_123321;45-29;5 D-E transit;5;;;;45;29;;;122521;;123321;;;126021;119421
123321_126021;43-29;5 D-E transit;5;;;;43;29;;;123321;;126021;;;114602;119321
126021_114602;41-29;5 D-E transit;5;;;;41;29;;;126021;;114602;;;116822;116821
114602_116822;38-29;5 D-E transit;5;;;;38;29;;;114602;;116822;;;119322;114601
116822_119322;37-27;5 D-E transit;5;;;;37;27;;;116822;;119322;;;119402;126022
119322_119402;37-25;5 D-E transit;5;;;;37;25;;;119322;;119402;;;116022;123322
119402_116022;37-21;5 D-E transit;5;;;;37;21;;;119402;;116022;;;133002;122522
116022_133002;37-18;5 D-E transit;5;;;;37;18;;;116022;;133002;;;133102;113522
133002_133102;40-14;5 D-E transit;5;;;;40;14;;;133002;;133102;;;118002;113602
133102_118002;42-12;5 D-E transit;5;;;;42;12;;;133102;;118002;;;169302;113302
118002_169302;44-10;5 D-E transit;5;;;;44;10;;;118002;;169302;;;130202;51602
169302_130202;46-8;5 D-E transit;5;;;;46;8;;;169302;;130202;;;130402;51502
130202_130402;48-6;5 D-E transit;5;;;;48;6;;;130202;;130402;;;61901;574202
130402_61901;50-3;5 D-E transit;5;Wieblingen Taubenfeld > Edingen Bahnhof;;;50;3;;;130402;;61901;;;;
61902_130401;49-3;5 E-D transit;5;Edingen Bahnhof > Wieblingen Taubenfeld;;;49;3;;;61902;;130401;;;;
130401_130201;47-5;5 E-D transit;5;;;;47;5;;;130401;;130201;;;;
130201_169301;45-7;5 E-D transit;5;;;;45;7;;;130201;;169301;;;;
169301_118001;43-9;5 E-D transit;5;;;;43;9;;;169301;;118001;;;;
118001_133101;41-11;5 E-D transit;5;;;;41;11;;;118001;;133101;;;;
133101_133001;39-13;5 E-D transit;5;;;;39;13;;;133101;;133001;;;;
133001_116021;36-18;5 E-D transit;5;;;;36;18;;;133001;;116021;;;;
116021_119421;36-21;5 E-D transit;5;;;;36;21;;;116021;;119421;;;;
119421_119321;36-23;5 E-D transit;5;;;;36;23;;;119421;;119321;;;;
119321_116821;36-27;5 E-D transit;5;;;;36;27;;;119321;;116821;;;;
116821_114601;38-30;5 E-D transit;5;;;;38;30;;;116821;;114601;;;;
114601_126022;41-30;5 E-D transit;5;;;;41;30;;;114601;;126022;;;;
126022_123322;43-30;5 E-D transit;5;;;;43;30;;;126022;;123322;;;;
123322_122522;46-30;5 E-D transit;5;;;;46;30;;;123322;;122522;;;;
122522_113522;48-28;5 E-D transit;5;;;;48;28;;;122522;;113522;;;;
113522_113602;51-25;5 E-D transit;5;;;;51;25;;;113522;;113602;;;;
113602_113302;53-25;5 E-D transit;5;Hans Thoma > Burgstraße;;;53;25;;;113602;;113302;;;;
113302_51602;57-25;5 E-D transit;5;;;;57;25;;;113302;;51602;;;;
51602_51502;59-25;5 E-D transit;5;;;;59;25;;;51602;;51502;;;;
51502_574202;61-25;5 E-D transit;5;Dossenheim Nord > Dossenheim Bf;;;61;25;;;51502;;574202;;;;
348201_574201_51501;62-24;5 D-E stopped;5;Dossenheim Nord;;;62;24;;;348201;574201;51501;;;;
574201_51501_51601;60-24;5 D-E stopped;5;Dossenheim Bf;;;60;24;;;574201;51501;51601;;;;
51501_51601_113301;58-24;5 D-E stopped;5;;;;58;24;;;51501;51601;113301;;;;
51601_113301_113601;56-24;5 D-E stopped;5;Burgstraße  ;;;56;24;;;51601;113301;113601;;;;
113301_113601_113521;52-24;5 D-E stopped;5;Hans Thoma  ;;;52;24;;;113301;113601;113521;;;;
113601_113521_122521;48-26;5 D-E stopped;5;;;;48;26;;;113601;113521;122521;;;;
113521_122521_123321;46-28;5 D-E stopped;5;;;;46;28;;;113521;122521;123321;;;;
122521_123321_126021;44-29;5 D-E stopped;5;;;;44;29;;;122521;123321;126021;;;;
123321_126021_114602;42-29;5 D-E stopped;5;;;;42;29;;;123321;126021;114602;;;;
126021_114602_116822;40-29;5 D-E stopped;5;;;;40;29;;;126021;114602;116822;;;;
114602_116822_119322;37-28;5 D-E stopped;5;;;;37;28;;;114602;116822;119322;;;;
116822_119322_119402;37-26;5 D-E stopped;5;;;;37;26;;;116822;119322;119402;;;;
119322_119402_116022;37-22;5 D-E stopped;5;;;;37;22;;;119322;119402;116022;;;;
119402_116022_133002;37-20;5 D-E stopped;5;;;;37;20;;;119402;116022;133002;;;;
116022_133002_133102;39-15;5 D-E stopped;5;;;;39;15;;;116022;133002;133102;;;;
133002_133102_118002;41-13;5 D-E stopped;5;;;;41;13;;;133002;133102;118002;;;;
133102_118002_169302;43-11;5 D-E stopped;5;;;;43;11;;;133102;118002;169302;;;;
118002_169302_130202;45-9;5 D-E stopped;5;;;;45;9;;;118002;169302;130202;;;;
169302_130202_130402;47-7;5 D-E stopped;5;;;;47;7;;;169302;130202;130402;;;;
130202_130402_61901;49-5;5 D-E stopped;5;Taubenfeld;;;49;5;;;130202;130402;61901;;;;
61902_130401_130201;48-4;5 E-D stopped;5;Taubenfeld;;;48;4;;;61902;130401;130201;;;;
130401_130201_169301;46-6;5 E-D stopped;5;;;;46;6;;;130401;130201;169301;;;;
130201_169301_118001;44-8;5 E-D stopped;5;;;;44;8;;;130201;169301;118001;;;;
169301_118001_133101;42-10;5 E-D stopped;5;;;;42;10;;;169301;118001;133101;;;;
118001_133101_133001;40-12;5 E-D stopped;5;;;;40;12;;;118001;133101;133001;;;;
133101_133001_116021;38-14;5 E-D stopped;5;;;;38;14;;;133101;133001;116021;;;;
133001_116021_119421;36-20;5 E-D stopped;5;;;;36;20;;;133001;116021;119421;;;;
116021_119421_119321;36-22;5 E-D stopped;5;;;;36;22;;;116021;119421;119321;;;;
119421_119321_116821;36-26;5 E-D stopped;5;;;;36;26;;;119421;119321;116821;;;;
119321_116821_114601;36-28;5 E-D stopped;5;;;;36;28;;;119321;116821;114601;;;;
116821_114601_126022;40-30;5 E-D stopped;5;;;;40;30;;;116821;114601;126022;;;;
114601_126022_123322;42-30;5 E-D stopped;5;;;;42;30;;;114601;126022;123322;;;;
126022_123322_122522;44-30;5 E-D stopped;5;;;;44;30;;;126022;123322;122522;;;;
123322_122522_113522;47-29;5 E-D stopped;5;;;;47;29;;;123322;122522;113522;;;;
122522_113522_113602;49-27;5 E-D stopped;5;;;;49;27;;;122522;113522;113602;;;;
113522_113602_113302;52-25;5 E-D stopped;5;Hans Thoma;;;52;25;;;113522;113602;113302;;;;
113602_113302_51602;56-25;5 E-D stopped;5;Burgstraße;;;56;25;;;113602;113302;51602;;;;
113302_51602_51502;58-25;5 E-D stopped;5;;;;58;25;;;113302;51602;51502;;;;
51602_51502_574202;60-25;5 E-D stopped;5;Dossenheim Bf;;;60;25;;;51602;51502;574202;;;;
51502_574202_348202;62-25;5 E-D stopped;5;Dossenheim Nord;;;62;25;;;51502;574202;348202;;;;
574201_51501_DEPOT;60-24;5 D-E stopped last;5;Dossenheim Bf;;;60;24;;;574201;51501;DEPOT;;;;
51501_51601_DEPOT;58-24;5 D-E stopped last;5;;;;58;24;;;51501;51601;DEPOT;;;;
51601_113301_DEPOT;56-24;5 D-E stopped last;5;;;;56;24;;;51601;113301;DEPOT;;;;
113301_113601_DEPOT;52-24;5 D-E stopped last;5;;;;52;24;;;113301;113601;DEPOT;;;;
113601_113521_DEPOT;48-26;5 D-E stopped last;5;;;;48;26;;;113601;113521;DEPOT;;;;
113521_122521_DEPOT;46-28;5 D-E stopped last;5;;;;46;28;;;113521;122521;DEPOT;;;;
122521_123321_DEPOT;44-29;5 D-E stopped last;5;;;;44;29;;;122521;123321;DEPOT;;;;
123321_126021_DEPOT;42-29;5 D-E stopped last;5;;;;42;29;;;123321;126021;DEPOT;;;;
126021_114602_DEPOT;40-29;5 D-E stopped last;5;;;;40;29;;;126021;114602;DEPOT;;;;
114602_116822_DEPOT;37-28;5 D-E stopped last;5;;;;37;28;;;114602;116822;DEPOT;;;;
116822_119322_DEPOT;37-26;5 D-E stopped last;5;;;;37;26;;;116822;119322;DEPOT;;;;
119322_119402_DEPOT;37-22;5 D-E stopped last;5;;;;37;22;;;119322;119402;DEPOT;;;;
119402_116022_DEPOT;37-20;5 D-E stopped last;5;;;;37;20;;;119402;116022;DEPOT;;;;
116022_133002_DEPOT;39-15;5 D-E stopped last;5;;;;39;15;;;116022;133002;DEPOT;;;;
133002_133102_DEPOT;41-13;5 D-E stopped last;5;;;;41;13;;;133002;133102;DEPOT;;;;
133102_118002_DEPOT;43-11;5 D-E stopped last;5;;;;43;11;;;133102;118002;DEPOT;;;;
118002_169302_DEPOT;45-9;5 D-E stopped last;5;;;;45;9;;;118002;169302;DEPOT;;;;
169302_130202_DEPOT;47-7;5 D-E stopped last;5;;;;47;7;;;169302;130202;DEPOT;;;;
130202_130402_DEPOT;49-5;5 D-E stopped last;5;;;;49;5;;;130202;130402;DEPOT;;;;
130402_61901_DEPOT;50-2;5 D-E stopped last;5;Edingen Bahnhof;;;50;2;;;130402;61901;DEPOT;;;;
61902_130401_DEPOT;48-4;5 E-D stopped last;5;Taubenfeld;;;48;4;;;61902;130401;DEPOT;;;;
130401_130201_DEPOT;46-6;5 E-D stopped last;5;;;;46;6;;;130401;130201;DEPOT;;;;
130201_169301_DEPOT;44-8;5 E-D stopped last;5;;;;44;8;;;130201;169301;DEPOT;;;;
169301_118001_DEPOT;42-10;5 E-D stopped last;5;;;;42;10;;;169301;118001;DEPOT;;;;
118001_133101_DEPOT;40-12;5 E-D stopped last;5;;;;40;12;;;118001;133101;DEPOT;;;;
133101_133001_DEPOT;38-14;5 E-D stopped last;5;;;;38;14;;;133101;133001;DEPOT;;;;
133001_116021_DEPOT;36-20;5 E-D stopped last;5;;;;36;20;;;133001;116021;DEPOT;;;;
116021_119421_DEPOT;36-22;5 E-D stopped last;5;;;;36;22;;;116021;119421;DEPOT;;;;
119421_119321_DEPOT;36-26;5 E-D stopped last;5;;;;36;26;;;119421;119321;DEPOT;;;;
119321_116821_DEPOT;36-28;5 E-D stopped last;5;;;;36;28;;;119321;116821;DEPOT;;;;
116821_114601_DEPOT;40-30;5 E-D stopped last;5;;;;40;30;;;116821;114601;DEPOT;;;;
114601_126022_DEPOT;42-30;5 E-D stopped last;5;;;;42;30;;;114601;126022;DEPOT;;;;
126022_123322_DEPOT;44-30;5 E-D stopped last;5;;;;44;30;;;126022;123322;DEPOT;;;;
123322_122522_DEPOT;47-29;5 E-D stopped last;5;;;;47;29;;;123322;122522;DEPOT;;;;
122522_113522_DEPOT;49-27;5 E-D stopped last;5;;;;49;27;;;122522;113522;DEPOT;;;;
113522_113602_DEPOT;52-25;5 E-D stopped last;5;;;;52;25;;;113522;113602;DEPOT;;;;
113602_113302_DEPOT;56-25;5 E-D stopped last;5;;;;56;25;;;113602;113302;DEPOT;;;;
113302_51602_DEPOT;58-25;5 E-D stopped last;5;;;;58;25;;;113302;51602;DEPOT;;;;
51602_51502_DEPOT;60-25;5 E-D stopped last;5;;;;60;25;;;51602;51502;DEPOT;;;;
51502_574202_DEPOT;62-25;5 E-D stopped last;5;Dossenheim Nord;;;62;25;;;51502;574202;DEPOT;;;;
DEPOT_574201_51501;62-24;5 D-E stopped first;5;Dossenheim Nord;;;62;24;;;DEPOT;574201;51501;;;;
DEPOT_51501_51601;60-24;5 D-E stopped first;5;;;;60;24;;;DEPOT;51501;51601;;;;
DEPOT_51601_113301;58-24;5 D-E stopped first;5;;;;58;24;;;DEPOT;51601;113301;;;;
DEPOT_113301_113601;56-24;5 D-E stopped first;5;;;;56;24;;;DEPOT;113301;113601;;;;
DEPOT_113601_113521;52-24;5 D-E stopped first;5;;;;52;24;;;DEPOT;113601;113521;;;;
DEPOT_113521_122521;48-26;5 D-E stopped first;5;;;;48;26;;;DEPOT;113521;122521;;;;
DEPOT_122521_123321;46-28;5 D-E stopped first;5;;;;46;28;;;DEPOT;122521;123321;;;;
DEPOT_123321_126021;44-29;5 D-E stopped first;5;;;;44;29;;;DEPOT;123321;126021;;;;
DEPOT_126021_114602;42-29;5 D-E stopped first;5;;;;42;29;;;DEPOT;126021;114602;;;;
DEPOT_114602_116822;40-29;5 D-E stopped first;5;;;;40;29;;;DEPOT;114602;116822;;;;
DEPOT_116822_119322;37-28;5 D-E stopped first;5;;;;37;28;;;DEPOT;116822;119322;;;;
DEPOT_119322_119402;37-26;5 D-E stopped first;5;;;;37;26;;;DEPOT;119322;119402;;;;
DEPOT_119402_116022;37-22;5 D-E stopped first;5;;;;37;22;;;DEPOT;119402;116022;;;;
DEPOT_116022_133002;37-20;5 D-E stopped first;5;;;;37;20;;;DEPOT;116022;133002;;;;
DEPOT_133002_133102;39-15;5 D-E stopped first;5;;;;39;15;;;DEPOT;133002;133102;;;;
DEPOT_133102_118002;41-13;5 D-E stopped first;5;;;;41;13;;;DEPOT;133102;118002;;;;
DEPOT_118002_169302;43-11;5 D-E stopped first;5;;;;43;11;;;DEPOT;118002;169302;;;;
DEPOT_169302_130202;45-9;5 D-E stopped first;5;;;;45;9;;;DEPOT;169302;130202;;;;
DEPOT_130202_130402;47-7;5 D-E stopped first;5;;;;47;7;;;DEPOT;130202;130402;;;;
DEPOT_130402_61901;49-5;5 D-E stopped first;5;Taubenfeld;;;49;5;;;DEPOT;130402;61901;;;;
DEPOT_61902_130401;49-2;5 E-D stopped first;5;Edingen Bahnhof;;;49;2;;;DEPOT;61902;130401;;;;
DEPOT_130401_130201;48-4;5 E-D stopped first;5;;;;48;4;;;DEPOT;130401;130201;;;;
DEPOT_130201_169301;46-6;5 E-D stopped first;5;;;;46;6;;;DEPOT;130201;169301;;;;
DEPOT_169301_118001;44-8;5 E-D stopped first;5;;;;44;8;;;DEPOT;169301;118001;;;;
DEPOT_118001_133101;42-10;5 E-D stopped first;5;;;;42;10;;;DEPOT;118001;133101;;;;
DEPOT_133101_133001;40-12;5 E-D stopped first;5;;;;40;12;;;DEPOT;133101;133001;;;;
DEPOT_133001_116021;38-14;5 E-D stopped first;5;;;;38;14;;;DEPOT;133001;116021;;;;
DEPOT_116021_119421;36-20;5 E-D stopped first;5;;;;36;20;;;DEPOT;116021;119421;;;;
DEPOT_119421_119321;36-22;5 E-D stopped first;5;;;;36;22;;;DEPOT;119421;119321;;;;
DEPOT_119321_116821;36-26;5 E-D stopped first;5;;;;36;26;;;DEPOT;119321;116821;;;;
DEPOT_116821_114601;36-28;5 E-D stopped first;5;;;;36;28;;;DEPOT;116821;114601;;;;
DEPOT_114601_126022;40-30;5 E-D stopped first;5;;;;40;30;;;DEPOT;114601;126022;;;;
DEPOT_126022_123322;42-30;5 E-D stopped first;5;;;;42;30;;;DEPOT;126022;123322;;;;
DEPOT_123322_122522;44-30;5 E-D stopped first;5;;;;44;30;;;DEPOT;123322;122522;;;;
DEPOT_122522_113522;47-29;5 E-D stopped first;5;;;;47;29;;;DEPOT;122522;113522;;;;
DEPOT_113522_113602;49-27;5 E-D stopped first;5;;;;49;27;;;DEPOT;113522;113602;;;;
DEPOT_113602_113302;52-25;5 E-D stopped first;5;;;;52;25;;;DEPOT;113602;113302;;;;
DEPOT_113302_51602;56-25;5 E-D stopped first;5;;;;56;25;;;DEPOT;113302;51602;;;;
DEPOT_51602_51502;58-25;5 E-D stopped first;5;;;;58;25;;;DEPOT;51602;51502;;;;
DEPOT_51502_574202;60-25;5 E-D stopped first;5;Dossenheim Bf;;;60;25;;;DEPOT;51502;574202;;;;
116021_119421;36-21;21 HBF-HAT transit;21;Hbf > Stadtwerke;;;36;21;;;116021;;119421;;;;
119421_119321;36-23;21 HBF-HAT transit;21;;;;36;23;;;119421;;119321;;;;
119321_116821;36-27;21 HBF-HAT transit;21;;;;36;27;;;119321;;116821;;;;
116821_119622;38-30;21 HBF-HAT transit;21;;;;38;30;;;116821;;119622;;;;
119622_118922;40-26;21 HBF-HAT transit;21;;;;40;26;;;119622;;118922;;;;
118922_119922;40-24;21 HBF-HAT transit;21;;;;40;24;;;118922;;119922;;;;
119922_122902;40-22;21 HBF-HAT transit;21;;;;40;22;;;119922;;122902;;;;
122902_122802;43-21;21 HBF-HAT transit;21;;;;43;21;;;122902;;122802;;;;
122802_122622;45-21;21 HBF-HAT transit;21;;;;45;21;;;122802;;122622;;;;
122622_133302;47-23;21 HBF-HAT transit;21;;;;47;23;;;122622;;133302;;;;
133302_113603;51-25;21 HBF-HAT transit;21;Heiligenbergschule > Hans Thoma Platz;;;51;25;;;133302;;113603;;;;
113603_133301;51-24;21 HT-S transit;21;Hans Thoma Platz > Heiligenbergschule;;;51;24;;;113603;;133301;;;;
133301_122601;48-22;21 HT-S transit;21;;;;48;22;;;133301;;122601;;;;
122601_122801;46-20;21 HT-S transit;21;;;;46;20;;;122601;;122801;;;;
122801_122901;43-20;21 HT-S transit;21;;;;43;20;;;122801;;122901;;;;
122901_119921;41-20;21 HT-S transit;21;;;;41;20;;;122901;;119921;;;;
119921_118921;39-24;21 HT-S transit;21;;;;39;24;;;119921;;118921;;;;
118921_119621;39-26;21 HT-S transit;21;;;;39;26;;;118921;;119621;;;;
119621_116822;39-28;21 HT-S transit;21;Altes Hallenbad > Seegarten;;;39;28;;;119621;;116822;;;;
116021_119421_119321;36-22;21 HBF-HAT stopped;21;Stadtwerke;;;36;22;;;116021;119421;119321;;;;
119421_119321_116821;36-26;21 HBF-HAT stopped;21;;;;36;26;;;119421;119321;116821;;;;
119321_116821_119622;36-28;21 HBF-HAT stopped;21;;;;36;28;;;119321;116821;119622;;;;
116821_119622_118922;40-27;21 HBF-HAT stopped;21;;;;40;27;;;116821;119622;118922;;;;
119622_118922_119922;40-25;21 HBF-HAT stopped;21;;;;40;25;;;119622;118922;119922;;;;
118922_119922_122902;40-23;21 HBF-HAT stopped;21;;;;40;23;;;118922;119922;122902;;;;
119922_122902_122802;42-21;21 HBF-HAT stopped;21;;;;42;21;;;119922;122902;122802;;;;
122902_122802_122622;44-21;21 HBF-HAT stopped;21;;;;44;21;;;122902;122802;122622;;;;
122802_122622_133302;46-22;21 HBF-HAT stopped;21;;;;46;22;;;122802;122622;133302;;;;
122622_133302_113603;48-24;21 HBF-HAT stopped;21;Heiligenbergschule;;;48;24;;;122622;133302;113603;;;;
113603_133301_122601;49-23;21 HT-S stopped ;21;Heiligenbergschule;;;49;23;;;113603;133301;122601;;;;
133301_122601_122801;47-21;21 HT-S stopped ;21;;;;47;21;;;133301;122601;122801;;;;
122601_122801_122901;44-20;21 HT-S stopped ;21;;;;44;20;;;122601;122801;122901;;;;
122801_122901_119921;42-20;21 HT-S stopped ;21;;;;42;20;;;122801;122901;119921;;;;
122901_119921_118921;39-23;21 HT-S stopped ;21;;;;39;23;;;122901;119921;118921;;;;
119921_118921_119621;39-25;21 HT-S stopped ;21;;;;39;25;;;119921;118921;119621;;;;
118921_119621_116822;39-27;21 HT-S stopped ;21;Altes Hallenbad;;;39;27;;;118921;119621;116822;;;;
116021_119421_DEPOT;36-22;21 HBF-HAT stopped last;21;Stadtwerke;;;36;22;;;116021;119421;DEPOT;;;;
119421_119321_DEPOT;36-26;21 HBF-HAT stopped last;21;;;;36;26;;;119421;119321;DEPOT;;;;
119321_116821_DEPOT;36-28;21 HBF-HAT stopped last;21;;;;36;28;;;119321;116821;DEPOT;;;;
116821_119622_DEPOT;40-27;21 HBF-HAT stopped last;21;;;;40;27;;;116821;119622;DEPOT;;;;
119622_118922_DEPOT;40-25;21 HBF-HAT stopped last;21;;;;40;25;;;119622;118922;DEPOT;;;;
118922_119922_DEPOT;40-23;21 HBF-HAT stopped last;21;;;;40;23;;;118922;119922;DEPOT;;;;
119922_122902_DEPOT;42-21;21 HBF-HAT stopped last;21;;;;42;21;;;119922;122902;DEPOT;;;;
122902_122802_DEPOT;44-21;21 HBF-HAT stopped last;21;;;;44;21;;;122902;122802;DEPOT;;;;
122802_122622_DEPOT;46-22;21 HBF-HAT stopped last;21;;;;46;22;;;122802;122622;DEPOT;;;;
122622_133302_DEPOT;48-24;21 HBF-HAT stopped last;21;;;;48;24;;;122622;133302;DEPOT;;;;
133302_113603_DEPOT;52-25;21 HBF-HAT stopped last;21;Hans Thoma Platz;;;52;25;;;133302;113603;DEPOT;;;;
113603_133301_DEPOT;49-23;21 HT-S stopped last;21;Heiligenbergschule;;;49;23;;;113603;133301;DEPOT;;;;
133301_122601_DEPOT;47-21;21 HT-S stopped last;21;;;;47;21;;;133301;122601;DEPOT;;;;
122601_122801_DEPOT;44-20;21 HT-S stopped last;21;;;;44;20;;;122601;122801;DEPOT;;;;
122801_122901_DEPOT;42-20;21 HT-S stopped last;21;;;;42;20;;;122801;122901;DEPOT;;;;
122901_119921_DEPOT;39-23;21 HT-S stopped last;21;;;;39;23;;;122901;119921;DEPOT;;;;
119921_118921_DEPOT;39-25;21 HT-S stopped last;21;;;;39;25;;;119921;118921;DEPOT;;;;
118921_119621_DEPOT;39-27;21 HT-S stopped last;21;;;;39;27;;;118921;119621;DEPOT;;;;
119621_116822_DEPOT;37-28;21 HT-S stopped last;21;Seegarten;;;37;28;;;119621;116822;DEPOT;;;;
DEPOT_116021_119421;36-20;21 HBF-HAT stopped first;21;Hbf;;;36;20;;;DEPOT;116021;119421;;;;
DEPOT_119421_119321;36-22;21 HBF-HAT stopped first;21;;;;36;22;;;DEPOT;119421;119321;;;;
DEPOT_119321_116821;36-26;21 HBF-HAT stopped first;21;;;;36;26;;;DEPOT;119321;116821;;;;
DEPOT_116821_119622;36-28;21 HBF-HAT stopped first;21;;;;36;28;;;DEPOT;116821;119622;;;;
DEPOT_119622_118922;40-27;21 HBF-HAT stopped first;21;;;;40;27;;;DEPOT;119622;118922;;;;
DEPOT_118922_119922;40-25;21 HBF-HAT stopped first;21;;;;40;25;;;DEPOT;118922;119922;;;;
DEPOT_119922_122902;40-23;21 HBF-HAT stopped first;21;;;;40;23;;;DEPOT;119922;122902;;;;
DEPOT_122902_122802;42-21;21 HBF-HAT stopped first;21;;;;42;21;;;DEPOT;122902;122802;;;;
DEPOT_122802_122622;44-21;21 HBF-HAT stopped first;21;;;;44;21;;;DEPOT;122802;122622;;;;
DEPOT_122622_133302;46-22;21 HBF-HAT stopped first;21;;;;46;22;;;DEPOT;122622;133302;;;;
DEPOT_133302_113603;48-24;21 HBF-HAT stopped first;21;Heiligenbergschule;;;48;24;;;DEPOT;133302;113603;;;;
DEPOT_113603_133301;52-24;21 HT-S stopped first;21;Hans Thoma Platz;;;52;24;;;DEPOT;113603;133301;;;;
DEPOT_133301_122601;49-23;21 HT-S stopped first;21;;;;49;23;;;DEPOT;133301;122601;;;;
DEPOT_122601_122801;47-21;21 HT-S stopped first;21;;;;47;21;;;DEPOT;122601;122801;;;;
DEPOT_122801_122901;44-20;21 HT-S stopped first;21;;;;44;20;;;DEPOT;122801;122901;;;;
DEPOT_122901_119921;42-20;21 HT-S stopped first;21;;;;42;20;;;DEPOT;122901;119921;;;;
DEPOT_119921_118921;39-23;21 HT-S stopped first;21;;;;39;23;;;DEPOT;119921;118921;;;;
DEPOT_118921_119621;39-25;21 HT-S stopped first;21;;;;39;25;;;DEPOT;118921;119621;;;;
DEPOT_119621_116822;39-27;21 HT-S stopped first;21;Altes Hallenbad;;;39;27;;;DEPOT;119621;116822;;;;
133301_122601;48-22;24 H-R transit;24;Heiligenbergschule > Technopark;;;48;22;;;133301;;122601;24 R-H stopped ;122901;127621;
122601_122801;46-20;24 H-R transit;24;;;;46;20;;;122601;;122801;24 H-R stopped last;114422;126321;
122801_122901;43-20;24 H-R transit;24;;;;43;20;;;122801;;122901;24 R-H stopped  last;116023;127321;
122901_114422;41-20;24 H-R transit;24;;;;41;20;;;122901;;114422;24 H-R stopped first;119421;118521;
114422_116023;38-19;24 H-R transit;24;;;;38;19;;;114422;;116023;24 R-H stopped  first;118722;114321;
116023_119421;36-21;24 H-R transit;24;;;;36;21;;;116023;;119421;;115022;114121;
119421_118722;36-23;24 H-R transit;24;;;;36;23;;;119421;;118722;;145722;145721;
118722_115022;33-24;24 H-R transit;24;;;;33;24;;;118722;;115022;;114122;115021;
115022_145722;31-24;24 H-R transit;24;;;;31;24;;;115022;;145722;;114322;118721;
145722_114122;29-24;24 H-R transit;24;;;;29;24;;;145722;;114122;;118522;119402;
114122_114322;27-24;24 H-R transit;24;;;;27;24;;;114122;;114322;;127322;116004;
114322_118522;25-24;24 H-R transit;24;;;;25;24;;;114322;;118522;;126322;114421;
118522_127322;23-24;24 H-R transit;24;;;;23;24;;;118522;;127322;;127622;122902;
127322_126322;21-24;24 H-R transit;24;;;;21;24;;;127322;;126322;;127402;122802;
126322_127622;19-24;24 H-R transit;24;;;;19;24;;;126322;;127622;;126722;122622;
127622_127402;17-24;24 H-R transit;24;;;;17;24;;;127622;;127402;;127802;133302;
127402_126722;15-24;24 H-R transit;24;;;;15;24;;;127402;;126722;;;;
126722_127802;13-24;24 H-R transit;24;Freiburger Straße > Rohrbach Süd;;;13;24;;;126722;;127802;;;;
127801_126721;13-25;24 R-H transit;24;Rohrbach Süd > Freiburger Straße;;;13;25;;;127801;;126721;;;;
126721_127401;15-25;24 R-H transit;24;;;;15;25;;;126721;;127401;;;;
127401_127621;17-25;24 R-H transit;24;;;;17;25;;;127401;;127621;;;;
127621_126321;19-25;24 R-H transit;24;;;;19;25;;;127621;;126321;;;;
126321_127321;21-25;24 R-H transit;24;;;;21;25;;;126321;;127321;;;;
127321_118521;23-25;24 R-H transit;24;;;;23;25;;;127321;;118521;;;;
118521_114321;25-25;24 R-H transit;24;;;;25;25;;;118521;;114321;;;;
114321_114121;27-25;24 R-H transit;24;;;;27;25;;;114321;;114121;;;;
114121_145721;29-25;24 R-H transit;24;;;;29;25;;;114121;;145721;;;;
145721_115021;31-25;24 R-H transit;24;;;;31;25;;;145721;;115021;;;;
115021_118721;33-25;24 R-H transit;24;;;;33;25;;;115021;;118721;;;;
118721_119402;35-25;24 R-H transit;24;;;;35;25;;;118721;;119402;;;;
119402_116004;37-21;24 R-H transit;24;;;;37;21;;;119402;;116004;;;;
116004_114421;38-20;24 R-H transit;24;;;;38;20;;;116004;;114421;;;;
114421_122902;41-21;24 R-H transit;24;;;;41;21;;;114421;;122902;;;;
122902_122802;43-21;24 R-H transit;24;;;;43;21;;;122902;;122802;;;;
122802_122622;45-21;24 R-H transit;24;;;;45;21;;;122802;;122622;;;;
122622_133302;47-23;24 R-H transit;24;;;;47;23;;;122622;;133302;;;;
133301_122601_122801;47-21;24 H-R stopped;24;Technopark;;;47;21;;;133301;122601;122801;;;;
122601_122801_122901;44-20;24 H-R stopped;24;;;;44;20;;;122601;122801;122901;;;;
122801_122901_114422;42-20;24 H-R stopped;24;;;;42;20;;;122801;122901;114422;;;;
122901_114422_116023;40-20;24 H-R stopped;24;;;;40;20;;;122901;114422;116023;;;;
114422_116023_119421;36-20;24 H-R stopped;24;;;;36;20;;;114422;116023;119421;;;;
116023_119421_118722;36-22;24 H-R stopped;24;;;;36;22;;;116023;119421;118722;;;;
119421_118722_115022;34-24;24 H-R stopped;24;;;;34;24;;;119421;118722;115022;;;;
118722_115022_145722;32-24;24 H-R stopped;24;;;;32;24;;;118722;115022;145722;;;;
115022_145722_114122;30-24;24 H-R stopped;24;;;;30;24;;;115022;145722;114122;;;;
145722_114122_114322;28-24;24 H-R stopped;24;;;;28;24;;;145722;114122;114322;;;;
114122_114322_118522;26-24;24 H-R stopped;24;;;;26;24;;;114122;114322;118522;;;;
114322_118522_127322;24-24;24 H-R stopped;24;;;;24;24;;;114322;118522;127322;;;;
118522_127322_126322;22-24;24 H-R stopped;24;;;;22;24;;;118522;127322;126322;;;;
127322_126322_127622;20-24;24 H-R stopped;24;;;;20;24;;;127322;126322;127622;;;;
126322_127622_127402;18-24;24 H-R stopped;24;;;;18;24;;;126322;127622;127402;;;;
127622_127402_126722;16-24;24 H-R stopped;24;;;;16;24;;;127622;127402;126722;;;;
127402_126722_127802;14-24;24 H-R stopped;24;Freiburger Straße;;;14;24;;;127402;126722;127802;;;;
127801_126721_127401;14-25;24 R-H stopped ;24;Freiburger Straße;;;14;25;;;127801;126721;127401;;;;
126721_127401_127621;16-25;24 R-H stopped ;24;;;;16;25;;;126721;127401;127621;;;;
127401_127621_126321;18-25;24 R-H stopped ;24;;;;18;25;;;127401;127621;126321;;;;
127621_126321_127321;20-25;24 R-H stopped ;24;;;;20;25;;;127621;126321;127321;;;;
126321_127321_118521;22-25;24 R-H stopped ;24;;;;22;25;;;126321;127321;118521;;;;
127321_118521_114321;24-25;24 R-H stopped ;24;;;;24;25;;;127321;118521;114321;;;;
118521_114321_114121;26-25;24 R-H stopped ;24;;;;26;25;;;118521;114321;114121;;;;
114321_114121_145721;28-25;24 R-H stopped ;24;;;;28;25;;;114321;114121;145721;;;;
114121_145721_115021;30-25;24 R-H stopped ;24;;;;30;25;;;114121;145721;115021;;;;
145721_115021_118721;32-25;24 R-H stopped ;24;;;;32;25;;;145721;115021;118721;;;;
115021_118721_119402;34-25;24 R-H stopped ;24;;;;34;25;;;115021;118721;119402;;;;
118721_119402_116004;37-22;24 R-H stopped ;24;;;;37;22;;;118721;119402;116004;;;;
119402_116004_114421;37-20;24 R-H stopped ;24;;;;37;20;;;119402;116004;114421;;;;
116004_114421_122902;39-20;24 R-H stopped ;24;;;;39;20;;;116004;114421;122902;;;;
114421_122902_122802;42-21;24 R-H stopped ;24;;;;42;21;;;114421;122902;122802;;;;
122902_122802_122622;44-21;24 R-H stopped ;24;;;;44;21;;;122902;122802;122622;;;;
122802_122622_133302;46-22;24 R-H stopped ;24;Technopark;;;46;22;;;122802;122622;133302;;;;
133301_122601_DEPOT;47-21;24 H-R stopped last;24;Technopark;;;47;21;;;133301;122601;DEPOT;;;;
122601_122801_DEPOT;44-20;24 H-R stopped last;24;;;;44;20;;;122601;122801;DEPOT;;;;
122801_122901_DEPOT;42-20;24 H-R stopped last;24;;;;42;20;;;122801;122901;DEPOT;;;;
122901_114422_DEPOT;40-20;24 H-R stopped last;24;;;;40;20;;;122901;114422;DEPOT;;;;
114422_116023_DEPOT;36-20;24 H-R stopped last;24;;;;36;20;;;114422;116023;DEPOT;;;;
116023_119421_DEPOT;36-22;24 H-R stopped last;24;;;;36;22;;;116023;119421;DEPOT;;;;
119421_118722_DEPOT;34-24;24 H-R stopped last;24;;;;34;24;;;119421;118722;DEPOT;;;;
118722_115022_DEPOT;32-24;24 H-R stopped last;24;;;;32;24;;;118722;115022;DEPOT;;;;
115022_145722_DEPOT;30-24;24 H-R stopped last;24;;;;30;24;;;115022;145722;DEPOT;;;;
145722_114122_DEPOT;28-24;24 H-R stopped last;24;;;;28;24;;;145722;114122;DEPOT;;;;
114122_114322_DEPOT;26-24;24 H-R stopped last;24;;;;26;24;;;114122;114322;DEPOT;;;;
114322_118522_DEPOT;24-24;24 H-R stopped last;24;;;;24;24;;;114322;118522;DEPOT;;;;
118522_127322_DEPOT;22-24;24 H-R stopped last;24;;;;22;24;;;118522;127322;DEPOT;;;;
127322_126322_DEPOT;20-24;24 H-R stopped last;24;;;;20;24;;;127322;126322;DEPOT;;;;
126322_127622_DEPOT;18-24;24 H-R stopped last;24;;;;18;24;;;126322;127622;DEPOT;;;;
127622_127402_DEPOT;16-24;24 H-R stopped last;24;;;;16;24;;;127622;127402;DEPOT;;;;
127402_126722_DEPOT;14-24;24 H-R stopped last;24;;;;14;24;;;127402;126722;DEPOT;;;;
126722_127802_DEPOT;12-24;24 H-R stopped last;24;Rohrbach Süd;;;12;24;;;126722;127802;DEPOT;;;;
127801_126721_DEPOT;14-25;24 R-H stopped  last;24;Freiburger Straße;;;14;25;;;127801;126721;DEPOT;;;;
126721_127401_DEPOT;16-25;24 R-H stopped  last;24;;;;16;25;;;126721;127401;DEPOT;;;;
127401_127621_DEPOT;18-25;24 R-H stopped  last;24;;;;18;25;;;127401;127621;DEPOT;;;;
127621_126321_DEPOT;20-25;24 R-H stopped  last;24;;;;20;25;;;127621;126321;DEPOT;;;;
126321_127321_DEPOT;22-25;24 R-H stopped  last;24;;;;22;25;;;126321;127321;DEPOT;;;;
127321_118521_DEPOT;24-25;24 R-H stopped  last;24;;;;24;25;;;127321;118521;DEPOT;;;;
118521_114321_DEPOT;26-25;24 R-H stopped  last;24;;;;26;25;;;118521;114321;DEPOT;;;;
114321_114121_DEPOT;28-25;24 R-H stopped  last;24;;;;28;25;;;114321;114121;DEPOT;;;;
114121_145721_DEPOT;30-25;24 R-H stopped  last;24;;;;30;25;;;114121;145721;DEPOT;;;;
145721_115021_DEPOT;32-25;24 R-H stopped  last;24;;;;32;25;;;145721;115021;DEPOT;;;;
115021_118721_DEPOT;34-25;24 R-H stopped  last;24;;;;34;25;;;115021;118721;DEPOT;;;;
118721_119402_DEPOT;37-22;24 R-H stopped  last;24;;;;37;22;;;118721;119402;DEPOT;;;;
119402_116004_DEPOT;37-20;24 R-H stopped  last;24;;;;37;20;;;119402;116004;DEPOT;;;;
116004_114421_DEPOT;39-20;24 R-H stopped  last;24;;;;39;20;;;116004;114421;DEPOT;;;;
114421_122902_DEPOT;42-21;24 R-H stopped  last;24;;;;42;21;;;114421;122902;DEPOT;;;;
122902_122802_DEPOT;44-21;24 R-H stopped  last;24;;;;44;21;;;122902;122802;DEPOT;;;;
122802_122622_DEPOT;46-22;24 R-H stopped  last;24;;;;46;22;;;122802;122622;DEPOT;;;;
122622_133302_DEPOT;48-24;24 R-H stopped  last;24;Heiligenbergschule;;;48;24;;;122622;133302;DEPOT;;;;
DEPOT_133301_122601;49-23;24 H-R stopped first;24;Heiligenbergschule;;;49;23;;;DEPOT;133301;122601;;;;
DEPOT_122601_122801;47-21;24 H-R stopped first;24;;;;47;21;;;DEPOT;122601;122801;;;;
DEPOT_122801_122901;44-20;24 H-R stopped first;24;;;;44;20;;;DEPOT;122801;122901;;;;
DEPOT_122901_114422;42-20;24 H-R stopped first;24;;;;42;20;;;DEPOT;122901;114422;;;;
DEPOT_114422_116023;40-20;24 H-R stopped first;24;;;;40;20;;;DEPOT;114422;116023;;;;
DEPOT_116023_119421;36-20;24 H-R stopped first;24;;;;36;20;;;DEPOT;116023;119421;;;;
DEPOT_119421_118722;36-22;24 H-R stopped first;24;;;;36;22;;;DEPOT;119421;118722;;;;
DEPOT_118722_115022;34-24;24 H-R stopped first;24;;;;34;24;;;DEPOT;118722;115022;;;;
DEPOT_115022_145722;32-24;24 H-R stopped first;24;;;;32;24;;;DEPOT;115022;145722;;;;
DEPOT_145722_114122;30-24;24 H-R stopped first;24;;;;30;24;;;DEPOT;145722;114122;;;;
DEPOT_114122_114322;28-24;24 H-R stopped first;24;;;;28;24;;;DEPOT;114122;114322;;;;
DEPOT_114322_118522;26-24;24 H-R stopped first;24;;;;26;24;;;DEPOT;114322;118522;;;;
DEPOT_118522_127322;24-24;24 H-R stopped first;24;;;;24;24;;;DEPOT;118522;127322;;;;
DEPOT_127322_126322;22-24;24 H-R stopped first;24;;;;22;24;;;DEPOT;127322;126322;;;;
DEPOT_126322_127622;20-24;24 H-R stopped first;24;;;;20;24;;;DEPOT;126322;127622;;;;
DEPOT_127622_127402;18-24;24 H-R stopped first;24;;;;18;24;;;DEPOT;127622;127402;;;;
DEPOT_127402_126722;16-24;24 H-R stopped first;24;;;;16;24;;;DEPOT;127402;126722;;;;
DEPOT_126722_127802;14-24;24 H-R stopped first;24;Freiburger Straße;;;14;24;;;DEPOT;126722;127802;;;;
DEPOT_127801_126721;12-25;24 R-H stopped  first;24;Rohrbach Süd;;;12;25;;;DEPOT;127801;126721;;;;
DEPOT_126721_127401;14-25;24 R-H stopped  first;24;;;;14;25;;;DEPOT;126721;127401;;;;
DEPOT_127401_127621;16-25;24 R-H stopped  first;24;;;;16;25;;;DEPOT;127401;127621;;;;
DEPOT_127621_126321;18-25;24 R-H stopped  first;24;;;;18;25;;;DEPOT;127621;126321;;;;
DEPOT_126321_127321;20-25;24 R-H stopped  first;24;;;;20;25;;;DEPOT;126321;127321;;;;
DEPOT_127321_118521;22-25;24 R-H stopped  first;24;;;;22;25;;;DEPOT;127321;118521;;;;
DEPOT_118521_114321;24-25;24 R-H stopped  first;24;;;;24;25;;;DEPOT;118521;114321;;;;
DEPOT_114321_114121;26-25;24 R-H stopped  first;24;;;;26;25;;;DEPOT;114321;114121;;;;
DEPOT_114121_145721;28-25;24 R-H stopped  first;24;;;;28;25;;;DEPOT;114121;145721;;;;
DEPOT_145721_115021;30-25;24 R-H stopped  first;24;;;;30;25;;;DEPOT;145721;115021;;;;
DEPOT_115021_118721;32-25;24 R-H stopped  first;24;;;;32;25;;;DEPOT;115021;118721;;;;
DEPOT_118721_119402;34-25;24 R-H stopped  first;24;;;;34;25;;;DEPOT;118721;119402;;;;
DEPOT_119402_116004;37-22;24 R-H stopped  first;24;;;;37;22;;;DEPOT;119402;116004;;;;
DEPOT_116004_114421;37-20;24 R-H stopped  first;24;;;;37;20;;;DEPOT;116004;114421;;;;
DEPOT_114421_122902;39-20;24 R-H stopped  first;24;;;;39;20;;;DEPOT;114421;122902;;;;
DEPOT_122902_122802;42-21;24 R-H stopped  first;24;;;;42;21;;;DEPOT;122902;122802;;;;
DEPOT_122802_122622;44-21;24 R-H stopped  first;24;;;;44;21;;;DEPOT;122802;122622;;;;
DEPOT_122622_133302;46-22;24 R-H stopped  first;24;Technopark;;;46;22;;;DEPOT;122622;133302;;;;
